:START_ID,:END_ID,rol,fecha_alta,:TYPE
AF-000001,FAM-0052,titular,2023-04-15,PERTENECE_A
AF-000002,FAM-0530,titular,2021-11-28,PERTENECE_A
AF-000003,FAM-0241,titular,2024-12-31,PERTENECE_A
AF-000004,FAM-0139,titular,2024-10-26,PERTENECE_A
AF-000005,FAM-0007,titular,2024-03-25,PERTENECE_A
AF-000006,FAM-0117,titular,2022-09-23,PERTENECE_A
AF-000007,FAM-0204,titular,2024-11-06,PERTENECE_A
AF-000008,FAM-0024,titular,2021-07-02,PERTENECE_A
AF-000009,FAM-0089,titular,2023-07-10,PERTENECE_A
AF-000010,FAM-0107,titular,2024-09-20,PERTENECE_A
AF-000011,FAM-0340,titular,2024-12-27,PERTENECE_A
AF-000012,FAM-0056,titular,2024-04-30,PERTENECE_A
AF-000013,FAM-0527,titular,2019-11-23,PERTENECE_A
AF-000014,FAM-0506,titular,2023-02-05,PERTENECE_A
AF-000015,FAM-0309,titular,2023-06-29,PERTENECE_A
AF-000016,FAM-0074,titular,2024-09-07,PERTENECE_A
AF-000017,FAM-0112,titular,2022-09-24,PERTENECE_A
AF-000018,FAM-0668,titular,2024-08-27,PERTENECE_A
AF-000019,FAM-0192,titular,2021-05-05,PERTENECE_A
AF-000020,FAM-0214,titular,2022-10-22,PERTENECE_A
AF-000021,FAM-0650,titular,2020-07-24,PERTENECE_A
AF-000022,FAM-0015,titular,2024-02-25,PERTENECE_A
AF-000023,FAM-0483,titular,2021-11-15,PERTENECE_A
AF-000024,FAM-0655,titular,2022-06-22,PERTENECE_A
AF-000025,FAM-0310,titular,2024-07-02,PERTENECE_A
AF-000026,FAM-0085,titular,2022-09-02,PERTENECE_A
AF-000027,FAM-0528,titular,2024-11-19,PERTENECE_A
AF-000028,FAM-0128,titular,2020-03-20,PERTENECE_A
AF-000029,FAM-0452,titular,2022-08-10,PERTENECE_A
AF-000030,FAM-0334,titular,2023-07-04,PERTENECE_A
AF-000031,FAM-0441,titular,2021-09-18,PERTENECE_A
AF-000032,FAM-0644,titular,2020-09-15,PERTENECE_A
AF-000033,FAM-0505,titular,2024-08-15,PERTENECE_A
AF-000034,FAM-0492,titular,2021-11-22,PERTENECE_A
AF-000035,FAM-0129,titular,2023-06-27,PERTENECE_A
AF-000036,FAM-0472,titular,2022-08-23,PERTENECE_A
AF-000037,FAM-0622,titular,2021-02-18,PERTENECE_A
AF-000038,FAM-0658,titular,2021-12-23,PERTENECE_A
AF-000039,FAM-0498,titular,2024-04-21,PERTENECE_A
AF-000040,FAM-0621,titular,2024-01-17,PERTENECE_A
AF-000041,FAM-0196,titular,2024-06-07,PERTENECE_A
AF-000042,FAM-0641,titular,2021-11-11,PERTENECE_A
AF-000043,FAM-0493,titular,2024-09-06,PERTENECE_A
AF-000044,FAM-0041,titular,2024-08-12,PERTENECE_A
AF-000045,FAM-0635,titular,2023-01-08,PERTENECE_A
AF-000046,FAM-0010,titular,2024-05-02,PERTENECE_A
AF-000047,FAM-0282,titular,2023-10-01,PERTENECE_A
AF-000048,FAM-0631,titular,2019-06-13,PERTENECE_A
AF-000049,FAM-0601,titular,2024-06-18,PERTENECE_A
AF-000050,FAM-0662,titular,2023-12-25,PERTENECE_A
AF-000051,FAM-0268,titular,2023-12-28,PERTENECE_A
AF-000052,FAM-0551,titular,2020-07-02,PERTENECE_A
AF-000053,FAM-0111,titular,2023-08-01,PERTENECE_A
AF-000054,FAM-0337,titular,2024-12-29,PERTENECE_A
AF-000055,FAM-0221,titular,2022-03-22,PERTENECE_A
AF-000056,FAM-0110,titular,2021-10-24,PERTENECE_A
AF-000057,FAM-0136,titular,2020-08-11,PERTENECE_A
AF-000058,FAM-0200,titular,2022-05-25,PERTENECE_A
AF-000059,FAM-0183,titular,2024-08-04,PERTENECE_A
AF-000060,FAM-0276,titular,2023-03-31,PERTENECE_A
AF-000061,FAM-0332,titular,2023-09-12,PERTENECE_A
AF-000062,FAM-0497,titular,2024-06-18,PERTENECE_A
AF-000063,FAM-0357,titular,2024-03-16,PERTENECE_A
AF-000064,FAM-0421,titular,2024-12-28,PERTENECE_A
AF-000065,FAM-0574,titular,2022-02-05,PERTENECE_A
AF-000066,FAM-0061,titular,2023-07-12,PERTENECE_A
AF-000067,FAM-0070,titular,2024-09-06,PERTENECE_A
AF-000068,FAM-0380,titular,2024-12-06,PERTENECE_A
AF-000069,FAM-0031,titular,2023-04-06,PERTENECE_A
AF-000070,FAM-0284,titular,2024-10-08,PERTENECE_A
AF-000071,FAM-0537,titular,2021-04-04,PERTENECE_A
AF-000072,FAM-0382,titular,2024-02-21,PERTENECE_A
AF-000073,FAM-0390,titular,2024-09-14,PERTENECE_A
AF-000074,FAM-0699,titular,2024-09-13,PERTENECE_A
AF-000075,FAM-0146,titular,2024-12-15,PERTENECE_A
AF-000076,FAM-0094,titular,2024-11-06,PERTENECE_A
AF-000077,FAM-0270,titular,2023-06-09,PERTENECE_A
AF-000078,FAM-0387,titular,2019-10-10,PERTENECE_A
AF-000079,FAM-0359,titular,2024-03-20,PERTENECE_A
AF-000080,FAM-0194,titular,2022-05-03,PERTENECE_A
AF-000081,FAM-0191,titular,2024-10-25,PERTENECE_A
AF-000082,FAM-0625,titular,2023-12-12,PERTENECE_A
AF-000083,FAM-0374,titular,2024-06-21,PERTENECE_A
AF-000084,FAM-0428,titular,2023-07-26,PERTENECE_A
AF-000085,FAM-0440,titular,2018-07-17,PERTENECE_A
AF-000086,FAM-0142,titular,2022-04-01,PERTENECE_A
AF-000087,FAM-0632,titular,2024-12-29,PERTENECE_A
AF-000088,FAM-0045,titular,2024-03-04,PERTENECE_A
AF-000089,FAM-0062,titular,2024-03-23,PERTENECE_A
AF-000090,FAM-0609,titular,2024-04-15,PERTENECE_A
AF-000091,FAM-0536,titular,2024-12-01,PERTENECE_A
AF-000092,FAM-0500,titular,2024-04-02,PERTENECE_A
AF-000093,FAM-0682,titular,2023-12-02,PERTENECE_A
AF-000094,FAM-0435,titular,2022-03-23,PERTENECE_A
AF-000095,FAM-0311,titular,2021-09-15,PERTENECE_A
AF-000096,FAM-0108,titular,2024-12-22,PERTENECE_A
AF-000097,FAM-0002,titular,2022-09-29,PERTENECE_A
AF-000098,FAM-0059,titular,2024-12-15,PERTENECE_A
AF-000099,FAM-0018,titular,2023-10-28,PERTENECE_A
AF-000100,FAM-0116,titular,2021-05-27,PERTENECE_A
AF-000101,FAM-0401,titular,2022-05-19,PERTENECE_A
AF-000102,FAM-0444,titular,2023-12-30,PERTENECE_A
AF-000103,FAM-0572,titular,2024-12-13,PERTENECE_A
AF-000104,FAM-0630,titular,2022-01-30,PERTENECE_A
AF-000105,FAM-0316,titular,2024-11-13,PERTENECE_A
AF-000106,FAM-0643,titular,2024-07-15,PERTENECE_A
AF-000107,FAM-0480,titular,2024-12-29,PERTENECE_A
AF-000108,FAM-0006,titular,2023-05-14,PERTENECE_A
AF-000109,FAM-0122,titular,2021-06-03,PERTENECE_A
AF-000110,FAM-0171,titular,2023-06-11,PERTENECE_A
AF-000111,FAM-0698,titular,2024-12-06,PERTENECE_A
AF-000112,FAM-0599,titular,2021-10-04,PERTENECE_A
AF-000113,FAM-0069,titular,2020-08-01,PERTENECE_A
AF-000114,FAM-0414,titular,2023-10-04,PERTENECE_A
AF-000115,FAM-0363,titular,2023-08-31,PERTENECE_A
AF-000116,FAM-0165,titular,2023-09-06,PERTENECE_A
AF-000117,FAM-0485,titular,2022-08-10,PERTENECE_A
AF-000118,FAM-0012,titular,2024-02-05,PERTENECE_A
AF-000119,FAM-0683,titular,2023-07-18,PERTENECE_A
AF-000120,FAM-0482,titular,2023-04-26,PERTENECE_A
AF-000121,FAM-0400,titular,2022-08-18,PERTENECE_A
AF-000122,FAM-0473,titular,2019-08-16,PERTENECE_A
AF-000123,FAM-0120,titular,2020-05-06,PERTENECE_A
AF-000124,FAM-0141,titular,2019-12-24,PERTENECE_A
AF-000125,FAM-0033,titular,2024-12-28,PERTENECE_A
AF-000126,FAM-0133,titular,2023-10-17,PERTENECE_A
AF-000127,FAM-0623,titular,2023-08-08,PERTENECE_A
AF-000128,FAM-0048,titular,2023-02-04,PERTENECE_A
AF-000129,FAM-0264,titular,2023-11-12,PERTENECE_A
AF-000130,FAM-0548,titular,2020-11-28,PERTENECE_A
AF-000131,FAM-0293,titular,2022-10-28,PERTENECE_A
AF-000132,FAM-0384,titular,2023-04-01,PERTENECE_A
AF-000133,FAM-0508,titular,2024-04-08,PERTENECE_A
AF-000134,FAM-0199,titular,2019-12-15,PERTENECE_A
AF-000135,FAM-0642,titular,2023-11-10,PERTENECE_A
AF-000136,FAM-0616,titular,2023-08-18,PERTENECE_A
AF-000137,FAM-0180,titular,2024-09-11,PERTENECE_A
AF-000138,FAM-0692,titular,2023-02-06,PERTENECE_A
AF-000139,FAM-0044,titular,2019-09-14,PERTENECE_A
AF-000140,FAM-0321,titular,2023-05-21,PERTENECE_A
AF-000141,FAM-0156,titular,2023-05-09,PERTENECE_A
AF-000142,FAM-0016,titular,2024-09-21,PERTENECE_A
AF-000143,FAM-0095,titular,2021-03-20,PERTENECE_A
AF-000144,FAM-0494,titular,2024-11-02,PERTENECE_A
AF-000145,FAM-0442,titular,2022-11-06,PERTENECE_A
AF-000146,FAM-0027,titular,2024-12-28,PERTENECE_A
AF-000147,FAM-0068,titular,2019-07-07,PERTENECE_A
AF-000148,FAM-0356,titular,2020-12-27,PERTENECE_A
AF-000149,FAM-0167,titular,2023-04-14,PERTENECE_A
AF-000150,FAM-0083,titular,2023-09-10,PERTENECE_A
AF-000151,FAM-0446,titular,2021-06-16,PERTENECE_A
AF-000152,FAM-0589,titular,2024-04-22,PERTENECE_A
AF-000153,FAM-0546,titular,2023-11-13,PERTENECE_A
AF-000154,FAM-0344,titular,2024-10-10,PERTENECE_A
AF-000155,FAM-0391,titular,2023-02-19,PERTENECE_A
AF-000156,FAM-0175,titular,2024-08-21,PERTENECE_A
AF-000157,FAM-0092,titular,2024-06-27,PERTENECE_A
AF-000158,FAM-0038,titular,2024-02-08,PERTENECE_A
AF-000159,FAM-0079,titular,2024-09-27,PERTENECE_A
AF-000160,FAM-0504,titular,2023-06-19,PERTENECE_A
AF-000161,FAM-0538,titular,2018-09-30,PERTENECE_A
AF-000162,FAM-0423,titular,2024-12-08,PERTENECE_A
AF-000163,FAM-0219,titular,2023-08-18,PERTENECE_A
AF-000164,FAM-0318,titular,2024-08-17,PERTENECE_A
AF-000165,FAM-0304,titular,2023-11-11,PERTENECE_A
AF-000166,FAM-0415,titular,2024-05-17,PERTENECE_A
AF-000167,FAM-0163,titular,2024-05-26,PERTENECE_A
AF-000168,FAM-0562,titular,2023-08-10,PERTENECE_A
AF-000169,FAM-0295,titular,2024-12-17,PERTENECE_A
AF-000170,FAM-0503,titular,2023-02-06,PERTENECE_A
AF-000171,FAM-0436,titular,2024-12-29,PERTENECE_A
AF-000172,FAM-0057,titular,2024-05-14,PERTENECE_A
AF-000173,FAM-0187,titular,2024-08-10,PERTENECE_A
AF-000174,FAM-0624,titular,2022-06-10,PERTENECE_A
AF-000175,FAM-0603,titular,2024-12-15,PERTENECE_A
AF-000176,FAM-0578,titular,2021-04-28,PERTENECE_A
AF-000177,FAM-0513,titular,2024-06-23,PERTENECE_A
AF-000178,FAM-0661,titular,2024-08-26,PERTENECE_A
AF-000179,FAM-0552,titular,2024-10-02,PERTENECE_A
AF-000180,FAM-0620,titular,2023-11-12,PERTENECE_A
AF-000181,FAM-0281,titular,2024-12-16,PERTENECE_A
AF-000182,FAM-0657,titular,2021-09-20,PERTENECE_A
AF-000183,FAM-0448,titular,2020-06-06,PERTENECE_A
AF-000184,FAM-0127,titular,2022-07-27,PERTENECE_A
AF-000185,FAM-0558,titular,2020-02-02,PERTENECE_A
AF-000186,FAM-0174,titular,2022-04-16,PERTENECE_A
AF-000187,FAM-0583,titular,2024-12-23,PERTENECE_A
AF-000188,FAM-0393,titular,2024-04-19,PERTENECE_A
AF-000189,FAM-0084,titular,2023-06-26,PERTENECE_A
AF-000190,FAM-0361,titular,2023-11-18,PERTENECE_A
AF-000191,FAM-0626,titular,2022-03-08,PERTENECE_A
AF-000192,FAM-0328,titular,2024-03-09,PERTENECE_A
AF-000193,FAM-0454,titular,2024-12-17,PERTENECE_A
AF-000194,FAM-0250,titular,2024-11-11,PERTENECE_A
AF-000195,FAM-0077,titular,2019-07-23,PERTENECE_A
AF-000196,FAM-0298,titular,2024-10-28,PERTENECE_A
AF-000197,FAM-0353,titular,2023-02-24,PERTENECE_A
AF-000198,FAM-0063,titular,2021-07-04,PERTENECE_A
AF-000199,FAM-0060,titular,2024-02-16,PERTENECE_A
AF-000200,FAM-0249,titular,2021-08-10,PERTENECE_A
AF-000201,FAM-0126,titular,2024-09-14,PERTENECE_A
AF-000202,FAM-0071,titular,2023-12-15,PERTENECE_A
AF-000203,FAM-0147,titular,2023-07-22,PERTENECE_A
AF-000204,FAM-0261,titular,2021-02-04,PERTENECE_A
AF-000205,FAM-0385,titular,2024-05-07,PERTENECE_A
AF-000206,FAM-0327,titular,2023-03-31,PERTENECE_A
AF-000207,FAM-0534,titular,2022-07-13,PERTENECE_A
AF-000208,FAM-0554,titular,2023-02-15,PERTENECE_A
AF-000209,FAM-0076,titular,2024-10-28,PERTENECE_A
AF-000210,FAM-0590,titular,2024-12-09,PERTENECE_A
AF-000211,FAM-0019,titular,2023-09-17,PERTENECE_A
AF-000212,FAM-0104,titular,2024-11-06,PERTENECE_A
AF-000213,FAM-0082,titular,2023-01-02,PERTENECE_A
AF-000214,FAM-0488,titular,2022-04-26,PERTENECE_A
AF-000215,FAM-0266,titular,2023-07-22,PERTENECE_A
AF-000216,FAM-0458,titular,2024-06-24,PERTENECE_A
AF-000217,FAM-0055,titular,2023-04-06,PERTENECE_A
AF-000218,FAM-0046,titular,2024-07-03,PERTENECE_A
AF-000219,FAM-0672,titular,2023-08-12,PERTENECE_A
AF-000220,FAM-0557,titular,2023-08-21,PERTENECE_A
AF-000221,FAM-0522,titular,2022-03-24,PERTENECE_A
AF-000222,FAM-0118,titular,2024-01-17,PERTENECE_A
AF-000223,FAM-0350,titular,2024-12-02,PERTENECE_A
AF-000224,FAM-0628,titular,2021-05-08,PERTENECE_A
AF-000225,FAM-0567,titular,2024-04-05,PERTENECE_A
AF-000226,FAM-0605,titular,2024-01-18,PERTENECE_A
AF-000227,FAM-0366,titular,2021-08-14,PERTENECE_A
AF-000228,FAM-0157,titular,2024-12-24,PERTENECE_A
AF-000229,FAM-0686,titular,2022-05-01,PERTENECE_A
AF-000230,FAM-0265,titular,2024-03-09,PERTENECE_A
AF-000231,FAM-0633,titular,2024-04-15,PERTENECE_A
AF-000232,FAM-0029,titular,2022-05-12,PERTENECE_A
AF-000233,FAM-0525,titular,2024-04-06,PERTENECE_A
AF-000234,FAM-0604,titular,2019-08-18,PERTENECE_A
AF-000235,FAM-0667,titular,2023-06-01,PERTENECE_A
AF-000236,FAM-0587,titular,2023-09-09,PERTENECE_A
AF-000237,FAM-0467,titular,2024-11-19,PERTENECE_A
AF-000238,FAM-0541,titular,2024-09-08,PERTENECE_A
AF-000239,FAM-0001,titular,2023-04-18,PERTENECE_A
AF-000240,FAM-0288,titular,2020-05-04,PERTENECE_A
AF-000241,FAM-0179,titular,2024-02-17,PERTENECE_A
AF-000242,FAM-0517,titular,2022-08-22,PERTENECE_A
AF-000243,FAM-0257,titular,2024-12-21,PERTENECE_A
AF-000244,FAM-0075,titular,2023-08-08,PERTENECE_A
AF-000245,FAM-0689,titular,2024-04-15,PERTENECE_A
AF-000246,FAM-0375,titular,2024-09-19,PERTENECE_A
AF-000247,FAM-0346,titular,2024-10-28,PERTENECE_A
AF-000248,FAM-0009,titular,2024-09-27,PERTENECE_A
AF-000249,FAM-0008,titular,2021-12-18,PERTENECE_A
AF-000250,FAM-0679,titular,2024-11-21,PERTENECE_A
AF-000251,FAM-0143,titular,2024-01-26,PERTENECE_A
AF-000252,FAM-0535,titular,2021-01-19,PERTENECE_A
AF-000253,FAM-0355,titular,2020-07-21,PERTENECE_A
AF-000254,FAM-0607,titular,2024-11-09,PERTENECE_A
AF-000255,FAM-0487,titular,2023-10-09,PERTENECE_A
AF-000256,FAM-0533,titular,2021-03-23,PERTENECE_A
AF-000257,FAM-0168,titular,2024-12-04,PERTENECE_A
AF-000258,FAM-0416,titular,2020-09-12,PERTENECE_A
AF-000259,FAM-0235,titular,2023-10-07,PERTENECE_A
AF-000260,FAM-0149,titular,2023-02-25,PERTENECE_A
AF-000261,FAM-0341,titular,2024-05-30,PERTENECE_A
AF-000262,FAM-0294,titular,2024-10-27,PERTENECE_A
AF-000263,FAM-0030,titular,2024-10-24,PERTENECE_A
AF-000264,FAM-0197,titular,2023-01-03,PERTENECE_A
AF-000265,FAM-0422,titular,2024-11-02,PERTENECE_A
AF-000266,FAM-0218,titular,2024-12-22,PERTENECE_A
AF-000267,FAM-0093,titular,2023-10-16,PERTENECE_A
AF-000268,FAM-0598,titular,2021-10-05,PERTENECE_A
AF-000269,FAM-0383,titular,2024-11-25,PERTENECE_A
AF-000270,FAM-0405,titular,2021-03-29,PERTENECE_A
AF-000271,FAM-0351,titular,2023-06-25,PERTENECE_A
AF-000272,FAM-0049,titular,2023-06-09,PERTENECE_A
AF-000273,FAM-0065,titular,2022-04-13,PERTENECE_A
AF-000274,FAM-0025,titular,2023-07-31,PERTENECE_A
AF-000275,FAM-0267,titular,2019-10-12,PERTENECE_A
AF-000276,FAM-0678,titular,2021-02-27,PERTENECE_A
AF-000277,FAM-0349,titular,2021-09-08,PERTENECE_A
AF-000278,FAM-0262,titular,2023-09-10,PERTENECE_A
AF-000279,FAM-0665,titular,2022-09-13,PERTENECE_A
AF-000280,FAM-0162,titular,2020-01-07,PERTENECE_A
AF-000281,FAM-0680,titular,2024-06-11,PERTENECE_A
AF-000282,FAM-0004,titular,2022-02-24,PERTENECE_A
AF-000283,FAM-0364,titular,2019-03-14,PERTENECE_A
AF-000284,FAM-0575,titular,2024-11-08,PERTENECE_A
AF-000285,FAM-0402,titular,2024-07-01,PERTENECE_A
AF-000286,FAM-0216,titular,2023-12-04,PERTENECE_A
AF-000287,FAM-0205,titular,2024-12-20,PERTENECE_A
AF-000288,FAM-0376,titular,2023-03-19,PERTENECE_A
AF-000289,FAM-0109,titular,2020-03-04,PERTENECE_A
AF-000290,FAM-0412,titular,2020-08-09,PERTENECE_A
AF-000291,FAM-0323,titular,2020-02-29,PERTENECE_A
AF-000292,FAM-0437,titular,2020-02-02,PERTENECE_A
AF-000293,FAM-0326,titular,2023-09-22,PERTENECE_A
AF-000294,FAM-0518,titular,2020-05-27,PERTENECE_A
AF-000295,FAM-0664,titular,2022-01-06,PERTENECE_A
AF-000296,FAM-0431,titular,2024-12-20,PERTENECE_A
AF-000297,FAM-0322,titular,2022-12-18,PERTENECE_A
AF-000298,FAM-0696,titular,2024-03-25,PERTENECE_A
AF-000299,FAM-0300,titular,2022-10-04,PERTENECE_A
AF-000300,FAM-0358,titular,2024-02-20,PERTENECE_A
AF-000301,FAM-0369,titular,2022-09-30,PERTENECE_A
AF-000302,FAM-0399,titular,2024-04-21,PERTENECE_A
AF-000303,FAM-0228,titular,2023-09-14,PERTENECE_A
AF-000304,FAM-0153,titular,2019-05-23,PERTENECE_A
AF-000305,FAM-0064,titular,2024-11-02,PERTENECE_A
AF-000306,FAM-0365,titular,2022-03-03,PERTENECE_A
AF-000307,FAM-0329,titular,2024-01-19,PERTENECE_A
AF-000308,FAM-0563,titular,2019-10-28,PERTENECE_A
AF-000309,FAM-0320,titular,2022-08-15,PERTENECE_A
AF-000310,FAM-0524,titular,2023-09-14,PERTENECE_A
AF-000311,FAM-0170,titular,2019-11-07,PERTENECE_A
AF-000312,FAM-0495,titular,2021-12-23,PERTENECE_A
AF-000313,FAM-0028,titular,2024-06-29,PERTENECE_A
AF-000314,FAM-0080,titular,2024-03-03,PERTENECE_A
AF-000315,FAM-0325,titular,2024-11-16,PERTENECE_A
AF-000316,FAM-0639,titular,2024-11-18,PERTENECE_A
AF-000317,FAM-0649,titular,2023-11-25,PERTENECE_A
AF-000318,FAM-0039,titular,2024-08-31,PERTENECE_A
AF-000319,FAM-0313,titular,2024-03-11,PERTENECE_A
AF-000320,FAM-0539,titular,2024-09-19,PERTENECE_A
AF-000321,FAM-0455,titular,2020-11-24,PERTENECE_A
AF-000322,FAM-0289,titular,2023-03-08,PERTENECE_A
AF-000323,FAM-0231,titular,2023-11-03,PERTENECE_A
AF-000324,FAM-0521,titular,2022-02-15,PERTENECE_A
AF-000325,FAM-0636,titular,2024-12-31,PERTENECE_A
AF-000326,FAM-0290,titular,2023-09-08,PERTENECE_A
AF-000327,FAM-0360,titular,2022-01-01,PERTENECE_A
AF-000328,FAM-0445,titular,2022-02-15,PERTENECE_A
AF-000329,FAM-0619,titular,2023-08-20,PERTENECE_A
AF-000330,FAM-0568,titular,2024-04-16,PERTENECE_A
AF-000331,FAM-0303,titular,2024-10-09,PERTENECE_A
AF-000332,FAM-0124,titular,2024-12-25,PERTENECE_A
AF-000333,FAM-0072,titular,2022-08-08,PERTENECE_A
AF-000334,FAM-0312,titular,2024-12-30,PERTENECE_A
AF-000335,FAM-0158,titular,2024-06-30,PERTENECE_A
AF-000336,FAM-0502,titular,2024-04-05,PERTENECE_A
AF-000337,FAM-0411,titular,2024-12-06,PERTENECE_A
AF-000338,FAM-0501,titular,2024-10-23,PERTENECE_A
AF-000339,FAM-0278,titular,2023-06-27,PERTENECE_A
AF-000340,FAM-0263,titular,2022-04-04,PERTENECE_A
AF-000341,FAM-0676,titular,2024-04-24,PERTENECE_A
AF-000342,FAM-0597,titular,2024-11-16,PERTENECE_A
AF-000343,FAM-0047,titular,2021-01-26,PERTENECE_A
AF-000344,FAM-0301,titular,2020-11-18,PERTENECE_A
AF-000345,FAM-0134,titular,2024-06-03,PERTENECE_A
AF-000346,FAM-0449,titular,2023-06-26,PERTENECE_A
AF-000347,FAM-0634,titular,2022-11-08,PERTENECE_A
AF-000348,FAM-0275,titular,2023-08-27,PERTENECE_A
AF-000349,FAM-0188,titular,2020-12-11,PERTENECE_A
AF-000350,FAM-0151,titular,2024-10-26,PERTENECE_A
AF-000351,FAM-0646,titular,2022-03-01,PERTENECE_A
AF-000352,FAM-0646,conyuge,2022-03-01,PERTENECE_A
AF-000353,FAM-0645,titular,2024-10-20,PERTENECE_A
AF-000354,FAM-0645,conyuge,2024-10-20,PERTENECE_A
AF-000355,FAM-0688,titular,2019-02-20,PERTENECE_A
AF-000356,FAM-0688,conyuge,2019-02-20,PERTENECE_A
AF-000357,FAM-0269,titular,2020-08-02,PERTENECE_A
AF-000358,FAM-0269,conyuge,2020-08-02,PERTENECE_A
AF-000359,FAM-0526,titular,2019-05-29,PERTENECE_A
AF-000360,FAM-0526,conyuge,2019-05-29,PERTENECE_A
AF-000361,FAM-0073,titular,2024-07-09,PERTENECE_A
AF-000362,FAM-0073,conyuge,2024-07-09,PERTENECE_A
AF-000363,FAM-0671,titular,2023-10-16,PERTENECE_A
AF-000364,FAM-0671,conyuge,2023-10-16,PERTENECE_A
AF-000365,FAM-0392,titular,2023-08-25,PERTENECE_A
AF-000366,FAM-0392,conyuge,2023-08-25,PERTENECE_A
AF-000367,FAM-0627,titular,2023-11-09,PERTENECE_A
AF-000368,FAM-0627,conyuge,2023-11-09,PERTENECE_A
AF-000369,FAM-0342,titular,2023-07-02,PERTENECE_A
AF-000370,FAM-0342,conyuge,2023-07-02,PERTENECE_A
AF-000371,FAM-0651,titular,2022-09-21,PERTENECE_A
AF-000372,FAM-0651,conyuge,2022-09-21,PERTENECE_A
AF-000373,FAM-0123,titular,2024-07-27,PERTENECE_A
AF-000374,FAM-0123,conyuge,2024-07-27,PERTENECE_A
AF-000375,FAM-0237,titular,2021-09-18,PERTENECE_A
AF-000376,FAM-0237,conyuge,2021-09-18,PERTENECE_A
AF-000377,FAM-0660,titular,2022-06-16,PERTENECE_A
AF-000378,FAM-0660,conyuge,2022-06-16,PERTENECE_A
AF-000379,FAM-0206,titular,2020-05-30,PERTENECE_A
AF-000380,FAM-0206,conyuge,2020-05-30,PERTENECE_A
AF-000381,FAM-0113,titular,2024-11-11,PERTENECE_A
AF-000382,FAM-0113,conyuge,2024-11-11,PERTENECE_A
AF-000383,FAM-0148,titular,2019-09-21,PERTENECE_A
AF-000384,FAM-0148,conyuge,2019-09-21,PERTENECE_A
AF-000385,FAM-0256,titular,2023-09-23,PERTENECE_A
AF-000386,FAM-0256,conyuge,2023-09-23,PERTENECE_A
AF-000387,FAM-0581,titular,2023-07-05,PERTENECE_A
AF-000388,FAM-0581,conyuge,2023-07-05,PERTENECE_A
AF-000389,FAM-0652,titular,2024-07-08,PERTENECE_A
AF-000390,FAM-0652,conyuge,2024-07-08,PERTENECE_A
AF-000391,FAM-0457,titular,2020-07-27,PERTENECE_A
AF-000392,FAM-0457,conyuge,2020-07-27,PERTENECE_A
AF-000393,FAM-0020,titular,2023-10-01,PERTENECE_A
AF-000394,FAM-0020,conyuge,2023-10-01,PERTENECE_A
AF-000395,FAM-0388,titular,2022-08-15,PERTENECE_A
AF-000396,FAM-0388,conyuge,2022-08-15,PERTENECE_A
AF-000397,FAM-0419,titular,2023-01-30,PERTENECE_A
AF-000398,FAM-0419,conyuge,2023-01-30,PERTENECE_A
AF-000399,FAM-0226,titular,2023-08-31,PERTENECE_A
AF-000400,FAM-0226,conyuge,2023-08-31,PERTENECE_A
AF-000401,FAM-0345,titular,2020-07-06,PERTENECE_A
AF-000402,FAM-0345,conyuge,2020-07-06,PERTENECE_A
AF-000403,FAM-0051,titular,2024-04-21,PERTENECE_A
AF-000404,FAM-0051,conyuge,2024-04-21,PERTENECE_A
AF-000405,FAM-0324,titular,2023-07-04,PERTENECE_A
AF-000406,FAM-0324,conyuge,2023-07-04,PERTENECE_A
AF-000407,FAM-0611,titular,2022-07-25,PERTENECE_A
AF-000408,FAM-0611,conyuge,2022-07-25,PERTENECE_A
AF-000409,FAM-0450,titular,2021-11-11,PERTENECE_A
AF-000410,FAM-0450,conyuge,2021-11-11,PERTENECE_A
AF-000411,FAM-0178,titular,2024-12-04,PERTENECE_A
AF-000412,FAM-0178,conyuge,2024-12-04,PERTENECE_A
AF-000413,FAM-0544,titular,2023-05-16,PERTENECE_A
AF-000414,FAM-0544,conyuge,2023-05-16,PERTENECE_A
AF-000415,FAM-0403,titular,2021-03-20,PERTENECE_A
AF-000416,FAM-0403,conyuge,2021-03-20,PERTENECE_A
AF-000417,FAM-0389,titular,2023-04-22,PERTENECE_A
AF-000418,FAM-0389,conyuge,2023-04-22,PERTENECE_A
AF-000419,FAM-0429,titular,2024-10-18,PERTENECE_A
AF-000420,FAM-0429,conyuge,2024-10-18,PERTENECE_A
AF-000421,FAM-0209,titular,2022-11-17,PERTENECE_A
AF-000422,FAM-0209,conyuge,2022-11-17,PERTENECE_A
AF-000423,FAM-0347,titular,2022-07-30,PERTENECE_A
AF-000424,FAM-0347,conyuge,2022-07-30,PERTENECE_A
AF-000425,FAM-0430,titular,2023-10-24,PERTENECE_A
AF-000426,FAM-0430,conyuge,2023-10-24,PERTENECE_A
AF-000427,FAM-0339,titular,2024-09-19,PERTENECE_A
AF-000428,FAM-0339,conyuge,2024-09-19,PERTENECE_A
AF-000429,FAM-0280,titular,2024-04-13,PERTENECE_A
AF-000430,FAM-0280,conyuge,2024-04-13,PERTENECE_A
AF-000431,FAM-0297,titular,2022-11-15,PERTENECE_A
AF-000432,FAM-0297,conyuge,2022-11-15,PERTENECE_A
AF-000433,FAM-0189,titular,2021-03-08,PERTENECE_A
AF-000434,FAM-0189,conyuge,2021-03-08,PERTENECE_A
AF-000435,FAM-0054,titular,2024-05-22,PERTENECE_A
AF-000436,FAM-0054,conyuge,2024-05-22,PERTENECE_A
AF-000437,FAM-0690,titular,2024-08-25,PERTENECE_A
AF-000438,FAM-0690,conyuge,2024-08-25,PERTENECE_A
AF-000439,FAM-0684,titular,2023-06-15,PERTENECE_A
AF-000440,FAM-0684,conyuge,2023-06-15,PERTENECE_A
AF-000441,FAM-0438,titular,2023-07-08,PERTENECE_A
AF-000442,FAM-0438,conyuge,2023-07-08,PERTENECE_A
AF-000443,FAM-0656,titular,2022-08-21,PERTENECE_A
AF-000444,FAM-0656,conyuge,2022-08-21,PERTENECE_A
AF-000445,FAM-0410,titular,2024-07-11,PERTENECE_A
AF-000446,FAM-0410,conyuge,2024-07-11,PERTENECE_A
AF-000447,FAM-0486,titular,2024-04-05,PERTENECE_A
AF-000448,FAM-0486,conyuge,2024-04-05,PERTENECE_A
AF-000449,FAM-0670,titular,2024-12-06,PERTENECE_A
AF-000450,FAM-0670,conyuge,2024-12-06,PERTENECE_A
AF-000451,FAM-0217,titular,2024-05-14,PERTENECE_A
AF-000452,FAM-0217,conyuge,2024-05-14,PERTENECE_A
AF-000453,FAM-0520,titular,2021-12-08,PERTENECE_A
AF-000454,FAM-0520,conyuge,2021-12-08,PERTENECE_A
AF-000455,FAM-0279,titular,2023-03-06,PERTENECE_A
AF-000456,FAM-0279,conyuge,2023-03-06,PERTENECE_A
AF-000457,FAM-0523,titular,2023-04-10,PERTENECE_A
AF-000458,FAM-0523,conyuge,2023-04-10,PERTENECE_A
AF-000459,FAM-0331,titular,2023-08-15,PERTENECE_A
AF-000460,FAM-0331,conyuge,2023-08-15,PERTENECE_A
AF-000461,FAM-0023,titular,2023-10-08,PERTENECE_A
AF-000462,FAM-0023,conyuge,2023-10-08,PERTENECE_A
AF-000463,FAM-0224,titular,2023-02-03,PERTENECE_A
AF-000464,FAM-0224,conyuge,2023-02-03,PERTENECE_A
AF-000465,FAM-0700,titular,2024-12-25,PERTENECE_A
AF-000466,FAM-0700,conyuge,2024-12-25,PERTENECE_A
AF-000467,FAM-0531,titular,2019-08-06,PERTENECE_A
AF-000468,FAM-0531,conyuge,2019-08-06,PERTENECE_A
AF-000469,FAM-0333,titular,2020-02-11,PERTENECE_A
AF-000470,FAM-0333,conyuge,2020-02-11,PERTENECE_A
AF-000471,FAM-0511,titular,2019-05-06,PERTENECE_A
AF-000472,FAM-0511,conyuge,2019-05-06,PERTENECE_A
AF-000473,FAM-0555,titular,2024-04-16,PERTENECE_A
AF-000474,FAM-0555,conyuge,2024-04-16,PERTENECE_A
AF-000475,FAM-0161,titular,2021-06-06,PERTENECE_A
AF-000476,FAM-0161,conyuge,2021-06-06,PERTENECE_A
AF-000477,FAM-0037,titular,2024-11-17,PERTENECE_A
AF-000478,FAM-0037,conyuge,2024-11-17,PERTENECE_A
AF-000479,FAM-0186,titular,2022-03-12,PERTENECE_A
AF-000480,FAM-0186,conyuge,2022-03-12,PERTENECE_A
AF-000481,FAM-0335,titular,2021-12-28,PERTENECE_A
AF-000482,FAM-0335,conyuge,2021-12-28,PERTENECE_A
AF-000483,FAM-0673,titular,2024-11-12,PERTENECE_A
AF-000484,FAM-0673,conyuge,2024-11-12,PERTENECE_A
AF-000485,FAM-0372,titular,2024-04-28,PERTENECE_A
AF-000486,FAM-0372,conyuge,2024-04-28,PERTENECE_A
AF-000487,FAM-0640,titular,2024-04-14,PERTENECE_A
AF-000488,FAM-0640,conyuge,2024-04-14,PERTENECE_A
AF-000489,FAM-0675,titular,2019-05-24,PERTENECE_A
AF-000490,FAM-0675,conyuge,2019-05-24,PERTENECE_A
AF-000491,FAM-0549,titular,2024-05-01,PERTENECE_A
AF-000492,FAM-0549,conyuge,2024-05-01,PERTENECE_A
AF-000493,FAM-0379,titular,2024-04-17,PERTENECE_A
AF-000494,FAM-0379,conyuge,2024-04-17,PERTENECE_A
AF-000495,FAM-0407,titular,2023-03-12,PERTENECE_A
AF-000496,FAM-0407,conyuge,2023-03-12,PERTENECE_A
AF-000497,FAM-0510,titular,2024-12-02,PERTENECE_A
AF-000498,FAM-0510,conyuge,2024-12-02,PERTENECE_A
AF-000499,FAM-0542,titular,2023-12-03,PERTENECE_A
AF-000500,FAM-0542,conyuge,2023-12-03,PERTENECE_A
AF-000501,FAM-0271,titular,2021-06-30,PERTENECE_A
AF-000502,FAM-0271,conyuge,2021-06-30,PERTENECE_A
AF-000503,FAM-0484,titular,2020-12-25,PERTENECE_A
AF-000504,FAM-0484,conyuge,2020-12-25,PERTENECE_A
AF-000505,FAM-0612,titular,2024-08-13,PERTENECE_A
AF-000506,FAM-0612,conyuge,2024-08-13,PERTENECE_A
AF-000507,FAM-0610,titular,2024-09-09,PERTENECE_A
AF-000508,FAM-0610,conyuge,2024-09-09,PERTENECE_A
AF-000509,FAM-0305,titular,2019-05-18,PERTENECE_A
AF-000510,FAM-0305,conyuge,2019-05-18,PERTENECE_A
AF-000511,FAM-0277,titular,2024-11-15,PERTENECE_A
AF-000512,FAM-0277,conyuge,2024-11-15,PERTENECE_A
AF-000513,FAM-0013,titular,2021-02-26,PERTENECE_A
AF-000514,FAM-0013,conyuge,2021-02-26,PERTENECE_A
AF-000515,FAM-0032,titular,2023-06-29,PERTENECE_A
AF-000516,FAM-0032,conyuge,2023-06-29,PERTENECE_A
AF-000517,FAM-0125,titular,2024-10-11,PERTENECE_A
AF-000518,FAM-0125,conyuge,2024-10-11,PERTENECE_A
AF-000519,FAM-0292,titular,2021-01-06,PERTENECE_A
AF-000520,FAM-0292,conyuge,2021-01-06,PERTENECE_A
AF-000521,FAM-0173,titular,2023-06-10,PERTENECE_A
AF-000522,FAM-0173,conyuge,2023-06-10,PERTENECE_A
AF-000523,FAM-0691,titular,2021-07-29,PERTENECE_A
AF-000524,FAM-0691,conyuge,2021-07-29,PERTENECE_A
AF-000525,FAM-0317,titular,2024-07-16,PERTENECE_A
AF-000526,FAM-0317,conyuge,2024-07-16,PERTENECE_A
AF-000527,FAM-0343,titular,2022-06-30,PERTENECE_A
AF-000528,FAM-0343,conyuge,2022-06-30,PERTENECE_A
AF-000529,FAM-0425,titular,2024-09-11,PERTENECE_A
AF-000530,FAM-0425,conyuge,2024-09-11,PERTENECE_A
AF-000531,FAM-0395,titular,2022-11-17,PERTENECE_A
AF-000532,FAM-0395,conyuge,2022-11-17,PERTENECE_A
AF-000533,FAM-0336,titular,2024-09-15,PERTENECE_A
AF-000534,FAM-0336,conyuge,2024-09-15,PERTENECE_A
AF-000535,FAM-0496,titular,2023-03-24,PERTENECE_A
AF-000536,FAM-0496,conyuge,2023-03-24,PERTENECE_A
AF-000537,FAM-0319,titular,2019-01-13,PERTENECE_A
AF-000538,FAM-0319,conyuge,2019-01-13,PERTENECE_A
AF-000539,FAM-0243,titular,2024-10-03,PERTENECE_A
AF-000540,FAM-0243,conyuge,2024-10-03,PERTENECE_A
AF-000541,FAM-0418,titular,2024-12-21,PERTENECE_A
AF-000542,FAM-0418,conyuge,2024-12-21,PERTENECE_A
AF-000543,FAM-0499,titular,2024-09-05,PERTENECE_A
AF-000544,FAM-0499,conyuge,2024-09-05,PERTENECE_A
AF-000545,FAM-0561,titular,2024-12-06,PERTENECE_A
AF-000546,FAM-0561,conyuge,2024-12-06,PERTENECE_A
AF-000547,FAM-0287,titular,2024-08-28,PERTENECE_A
AF-000548,FAM-0287,conyuge,2024-08-28,PERTENECE_A
AF-000549,FAM-0647,titular,2021-11-17,PERTENECE_A
AF-000550,FAM-0647,conyuge,2021-11-17,PERTENECE_A
AF-000551,FAM-0606,titular,2022-06-27,PERTENECE_A
AF-000552,FAM-0606,conyuge,2022-06-27,PERTENECE_A
AF-000553,FAM-0244,titular,2022-12-04,PERTENECE_A
AF-000554,FAM-0244,conyuge,2022-12-04,PERTENECE_A
AF-000555,FAM-0272,titular,2024-11-23,PERTENECE_A
AF-000556,FAM-0272,conyuge,2024-11-23,PERTENECE_A
AF-000557,FAM-0296,titular,2024-08-22,PERTENECE_A
AF-000558,FAM-0296,conyuge,2024-08-22,PERTENECE_A
AF-000559,FAM-0220,titular,2020-11-18,PERTENECE_A
AF-000560,FAM-0220,conyuge,2020-11-18,PERTENECE_A
AF-000561,FAM-0681,titular,2024-08-14,PERTENECE_A
AF-000562,FAM-0681,conyuge,2024-08-14,PERTENECE_A
AF-000563,FAM-0234,titular,2023-08-12,PERTENECE_A
AF-000564,FAM-0234,conyuge,2023-08-12,PERTENECE_A
AF-000565,FAM-0306,titular,2024-12-29,PERTENECE_A
AF-000566,FAM-0306,conyuge,2024-12-29,PERTENECE_A
AF-000567,FAM-0021,titular,2022-04-03,PERTENECE_A
AF-000568,FAM-0021,conyuge,2022-04-03,PERTENECE_A
AF-000569,FAM-0586,titular,2024-12-25,PERTENECE_A
AF-000570,FAM-0586,conyuge,2024-12-25,PERTENECE_A
AF-000571,FAM-0456,titular,2022-12-23,PERTENECE_A
AF-000572,FAM-0456,conyuge,2022-12-23,PERTENECE_A
AF-000573,FAM-0066,titular,2023-07-10,PERTENECE_A
AF-000574,FAM-0066,conyuge,2023-07-10,PERTENECE_A
AF-000575,FAM-0396,titular,2021-02-17,PERTENECE_A
AF-000576,FAM-0396,conyuge,2021-02-17,PERTENECE_A
AF-000577,FAM-0223,titular,2023-08-31,PERTENECE_A
AF-000578,FAM-0223,conyuge,2023-08-31,PERTENECE_A
AF-000579,FAM-0477,titular,2018-07-29,PERTENECE_A
AF-000580,FAM-0477,conyuge,2018-07-29,PERTENECE_A
AF-000581,FAM-0370,titular,2023-08-27,PERTENECE_A
AF-000582,FAM-0370,conyuge,2023-08-27,PERTENECE_A
AF-000583,FAM-0663,titular,2023-08-04,PERTENECE_A
AF-000584,FAM-0663,conyuge,2023-08-04,PERTENECE_A
AF-000585,FAM-0330,titular,2024-09-16,PERTENECE_A
AF-000586,FAM-0330,conyuge,2024-09-16,PERTENECE_A
AF-000587,FAM-0512,titular,2024-11-15,PERTENECE_A
AF-000588,FAM-0512,conyuge,2024-11-15,PERTENECE_A
AF-000589,FAM-0608,titular,2023-10-01,PERTENECE_A
AF-000590,FAM-0608,conyuge,2023-10-01,PERTENECE_A
AF-000591,FAM-0584,titular,2022-11-25,PERTENECE_A
AF-000592,FAM-0584,conyuge,2022-11-25,PERTENECE_A
AF-000593,FAM-0131,titular,2023-08-13,PERTENECE_A
AF-000594,FAM-0131,conyuge,2023-08-13,PERTENECE_A
AF-000595,FAM-0088,titular,2023-06-26,PERTENECE_A
AF-000596,FAM-0088,conyuge,2023-06-26,PERTENECE_A
AF-000597,FAM-0253,titular,2024-05-17,PERTENECE_A
AF-000598,FAM-0253,conyuge,2024-05-17,PERTENECE_A
AF-000599,FAM-0105,titular,2023-09-30,PERTENECE_A
AF-000600,FAM-0105,conyuge,2023-09-30,PERTENECE_A
AF-000601,FAM-0564,titular,2021-04-25,PERTENECE_A
AF-000602,FAM-0564,conyuge,2021-04-25,PERTENECE_A
AF-000603,FAM-0017,titular,2024-12-30,PERTENECE_A
AF-000604,FAM-0017,conyuge,2024-12-30,PERTENECE_A
AF-000605,FAM-0273,titular,2024-12-19,PERTENECE_A
AF-000606,FAM-0273,conyuge,2024-12-19,PERTENECE_A
AF-000607,FAM-0398,titular,2024-06-23,PERTENECE_A
AF-000608,FAM-0398,conyuge,2024-06-23,PERTENECE_A
AF-000609,FAM-0595,titular,2024-07-17,PERTENECE_A
AF-000610,FAM-0595,conyuge,2024-07-17,PERTENECE_A
AF-000611,FAM-0489,titular,2022-03-27,PERTENECE_A
AF-000612,FAM-0489,conyuge,2022-03-27,PERTENECE_A
AF-000613,FAM-0669,titular,2024-08-02,PERTENECE_A
AF-000614,FAM-0669,conyuge,2024-08-02,PERTENECE_A
AF-000615,FAM-0594,titular,2024-10-26,PERTENECE_A
AF-000616,FAM-0594,conyuge,2024-10-26,PERTENECE_A
AF-000617,FAM-0014,titular,2024-06-15,PERTENECE_A
AF-000618,FAM-0014,conyuge,2024-06-15,PERTENECE_A
AF-000619,FAM-0514,titular,2024-10-30,PERTENECE_A
AF-000620,FAM-0514,conyuge,2024-10-30,PERTENECE_A
AF-000621,FAM-0352,titular,2022-03-24,PERTENECE_A
AF-000622,FAM-0352,conyuge,2022-03-24,PERTENECE_A
AF-000623,FAM-0553,titular,2024-05-08,PERTENECE_A
AF-000624,FAM-0553,conyuge,2024-05-08,PERTENECE_A
AF-000625,FAM-0106,titular,2024-10-21,PERTENECE_A
AF-000626,FAM-0106,conyuge,2024-10-21,PERTENECE_A
AF-000627,FAM-0193,titular,2023-10-31,PERTENECE_A
AF-000628,FAM-0193,conyuge,2023-10-31,PERTENECE_A
AF-000629,FAM-0022,titular,2019-06-19,PERTENECE_A
AF-000630,FAM-0022,conyuge,2019-06-19,PERTENECE_A
AF-000631,FAM-0377,titular,2024-07-13,PERTENECE_A
AF-000632,FAM-0377,conyuge,2024-07-13,PERTENECE_A
AF-000633,FAM-0283,titular,2024-05-28,PERTENECE_A
AF-000634,FAM-0283,conyuge,2024-05-28,PERTENECE_A
AF-000635,FAM-0005,titular,2024-10-28,PERTENECE_A
AF-000636,FAM-0005,conyuge,2024-10-28,PERTENECE_A
AF-000637,FAM-0154,titular,2022-05-03,PERTENECE_A
AF-000638,FAM-0154,conyuge,2022-05-03,PERTENECE_A
AF-000639,FAM-0464,titular,2024-08-12,PERTENECE_A
AF-000640,FAM-0464,conyuge,2024-08-12,PERTENECE_A
AF-000641,FAM-0413,titular,2023-05-30,PERTENECE_A
AF-000642,FAM-0413,conyuge,2023-05-30,PERTENECE_A
AF-000643,FAM-0053,titular,2024-05-11,PERTENECE_A
AF-000644,FAM-0053,conyuge,2024-05-11,PERTENECE_A
AF-000645,FAM-0582,titular,2021-06-08,PERTENECE_A
AF-000646,FAM-0582,conyuge,2021-06-08,PERTENECE_A
AF-000647,FAM-0208,titular,2024-12-06,PERTENECE_A
AF-000648,FAM-0208,conyuge,2024-12-06,PERTENECE_A
AF-000649,FAM-0144,titular,2024-08-29,PERTENECE_A
AF-000650,FAM-0144,conyuge,2024-08-29,PERTENECE_A
AF-000651,FAM-0314,titular,2019-07-05,PERTENECE_A
AF-000652,FAM-0314,conyuge,2019-07-05,PERTENECE_A
AF-000653,FAM-0182,titular,2022-04-04,PERTENECE_A
AF-000654,FAM-0182,conyuge,2022-04-04,PERTENECE_A
AF-000655,FAM-0478,titular,2022-07-06,PERTENECE_A
AF-000656,FAM-0478,conyuge,2022-07-06,PERTENECE_A
AF-000657,FAM-0426,titular,2024-10-07,PERTENECE_A
AF-000658,FAM-0426,conyuge,2024-10-07,PERTENECE_A
AF-000659,FAM-0694,titular,2023-08-20,PERTENECE_A
AF-000660,FAM-0694,conyuge,2023-08-20,PERTENECE_A
AF-000661,FAM-0246,titular,2023-03-14,PERTENECE_A
AF-000662,FAM-0246,conyuge,2023-03-14,PERTENECE_A
AF-000663,FAM-0097,titular,2023-03-01,PERTENECE_A
AF-000664,FAM-0097,conyuge,2023-03-01,PERTENECE_A
AF-000665,FAM-0381,titular,2024-05-27,PERTENECE_A
AF-000666,FAM-0381,conyuge,2024-05-27,PERTENECE_A
AF-000667,FAM-0302,titular,2024-08-10,PERTENECE_A
AF-000668,FAM-0302,conyuge,2024-08-10,PERTENECE_A
AF-000669,FAM-0169,titular,2024-07-15,PERTENECE_A
AF-000670,FAM-0169,conyuge,2024-07-15,PERTENECE_A
AF-000671,FAM-0035,titular,2023-12-01,PERTENECE_A
AF-000672,FAM-0035,conyuge,2023-12-01,PERTENECE_A
AF-000673,FAM-0591,titular,2022-11-05,PERTENECE_A
AF-000674,FAM-0591,conyuge,2022-11-05,PERTENECE_A
AF-000675,FAM-0596,titular,2022-02-20,PERTENECE_A
AF-000676,FAM-0596,conyuge,2022-02-20,PERTENECE_A
AF-000677,FAM-0198,titular,2019-10-13,PERTENECE_A
AF-000678,FAM-0198,conyuge,2019-10-13,PERTENECE_A
AF-000679,FAM-0096,titular,2021-12-26,PERTENECE_A
AF-000680,FAM-0096,conyuge,2021-12-26,PERTENECE_A
AF-000681,FAM-0685,titular,2024-10-10,PERTENECE_A
AF-000682,FAM-0685,conyuge,2024-10-10,PERTENECE_A
AF-000683,FAM-0367,titular,2021-06-08,PERTENECE_A
AF-000684,FAM-0367,conyuge,2021-06-08,PERTENECE_A
AF-000685,FAM-0460,titular,2018-08-08,PERTENECE_A
AF-000686,FAM-0460,conyuge,2018-08-08,PERTENECE_A
AF-000687,FAM-0247,titular,2024-09-28,PERTENECE_A
AF-000688,FAM-0247,conyuge,2024-09-28,PERTENECE_A
AF-000689,FAM-0433,titular,2022-08-17,PERTENECE_A
AF-000690,FAM-0433,conyuge,2022-08-17,PERTENECE_A
AF-000691,FAM-0260,titular,2021-12-10,PERTENECE_A
AF-000692,FAM-0260,conyuge,2021-12-10,PERTENECE_A
AF-000693,FAM-0348,titular,2024-07-03,PERTENECE_A
AF-000694,FAM-0348,conyuge,2024-07-03,PERTENECE_A
AF-000695,FAM-0474,titular,2024-12-10,PERTENECE_A
AF-000696,FAM-0474,conyuge,2024-12-10,PERTENECE_A
AF-000697,FAM-0471,titular,2022-03-21,PERTENECE_A
AF-000698,FAM-0471,conyuge,2022-03-21,PERTENECE_A
AF-000699,FAM-0592,titular,2019-11-13,PERTENECE_A
AF-000700,FAM-0592,conyuge,2019-11-13,PERTENECE_A
AF-000701,FAM-0659,titular,2024-08-25,PERTENECE_A
AF-000702,FAM-0659,conyuge,2024-08-25,PERTENECE_A
AF-000703,FAM-0453,titular,2024-11-19,PERTENECE_A
AF-000704,FAM-0453,conyuge,2024-11-19,PERTENECE_A
AF-000705,FAM-0213,titular,2024-10-09,PERTENECE_A
AF-000706,FAM-0213,conyuge,2024-10-09,PERTENECE_A
AF-000707,FAM-0556,titular,2024-12-06,PERTENECE_A
AF-000708,FAM-0556,conyuge,2024-12-06,PERTENECE_A
AF-000709,FAM-0040,titular,2024-08-24,PERTENECE_A
AF-000710,FAM-0040,conyuge,2024-08-24,PERTENECE_A
AF-000711,FAM-0087,titular,2024-01-27,PERTENECE_A
AF-000712,FAM-0087,conyuge,2024-01-27,PERTENECE_A
AF-000713,FAM-0577,titular,2024-09-17,PERTENECE_A
AF-000714,FAM-0577,conyuge,2024-09-17,PERTENECE_A
AF-000715,FAM-0307,titular,2021-08-24,PERTENECE_A
AF-000716,FAM-0307,conyuge,2021-08-24,PERTENECE_A
AF-000717,FAM-0338,titular,2022-01-27,PERTENECE_A
AF-000718,FAM-0338,conyuge,2022-01-27,PERTENECE_A
AF-000719,FAM-0593,titular,2024-09-07,PERTENECE_A
AF-000720,FAM-0593,conyuge,2024-09-07,PERTENECE_A
AF-000721,FAM-0150,titular,2024-10-30,PERTENECE_A
AF-000722,FAM-0150,conyuge,2024-10-30,PERTENECE_A
AF-000723,FAM-0100,titular,2024-02-22,PERTENECE_A
AF-000724,FAM-0100,conyuge,2024-02-22,PERTENECE_A
AF-000725,FAM-0230,titular,2024-01-24,PERTENECE_A
AF-000726,FAM-0230,conyuge,2024-01-24,PERTENECE_A
AF-000727,FAM-0386,titular,2022-11-28,PERTENECE_A
AF-000728,FAM-0386,conyuge,2022-11-28,PERTENECE_A
AF-000729,FAM-0121,titular,2024-03-09,PERTENECE_A
AF-000730,FAM-0121,conyuge,2024-03-09,PERTENECE_A
AF-000731,FAM-0172,titular,2023-10-10,PERTENECE_A
AF-000732,FAM-0172,conyuge,2023-10-10,PERTENECE_A
AF-000733,FAM-0011,titular,2023-07-19,PERTENECE_A
AF-000734,FAM-0011,conyuge,2023-07-19,PERTENECE_A
AF-000735,FAM-0629,titular,2023-08-12,PERTENECE_A
AF-000736,FAM-0629,conyuge,2023-08-12,PERTENECE_A
AF-000737,FAM-0181,titular,2020-05-28,PERTENECE_A
AF-000738,FAM-0181,conyuge,2020-05-28,PERTENECE_A
AF-000739,FAM-0315,titular,2019-03-01,PERTENECE_A
AF-000740,FAM-0315,conyuge,2019-03-01,PERTENECE_A
AF-000741,FAM-0285,titular,2019-07-25,PERTENECE_A
AF-000742,FAM-0285,conyuge,2019-07-25,PERTENECE_A
AF-000743,FAM-0291,titular,2023-09-30,PERTENECE_A
AF-000744,FAM-0291,conyuge,2023-09-30,PERTENECE_A
AF-000745,FAM-0081,titular,2024-12-25,PERTENECE_A
AF-000746,FAM-0081,conyuge,2024-12-25,PERTENECE_A
AF-000747,FAM-0130,titular,2024-11-15,PERTENECE_A
AF-000748,FAM-0130,conyuge,2024-11-15,PERTENECE_A
AF-000749,FAM-0475,titular,2022-05-20,PERTENECE_A
AF-000750,FAM-0475,conyuge,2022-05-20,PERTENECE_A
AF-000751,FAM-0240,titular,2024-09-30,PERTENECE_A
AF-000752,FAM-0240,conyuge,2024-09-30,PERTENECE_A
AF-000753,FAM-0103,titular,2024-11-27,PERTENECE_A
AF-000754,FAM-0103,conyuge,2024-11-27,PERTENECE_A
AF-000755,FAM-0050,titular,2023-04-12,PERTENECE_A
AF-000756,FAM-0050,conyuge,2023-04-12,PERTENECE_A
AF-000757,FAM-0078,titular,2024-07-19,PERTENECE_A
AF-000758,FAM-0078,conyuge,2024-07-19,PERTENECE_A
AF-000759,FAM-0299,titular,2024-11-21,PERTENECE_A
AF-000760,FAM-0299,conyuge,2024-11-21,PERTENECE_A
AF-000761,FAM-0559,titular,2024-03-28,PERTENECE_A
AF-000762,FAM-0559,conyuge,2024-03-28,PERTENECE_A
AF-000763,FAM-0222,titular,2024-12-18,PERTENECE_A
AF-000764,FAM-0222,conyuge,2024-12-18,PERTENECE_A
AF-000765,FAM-0034,titular,2024-01-23,PERTENECE_A
AF-000766,FAM-0034,conyuge,2024-01-23,PERTENECE_A
AF-000767,FAM-0462,titular,2024-05-21,PERTENECE_A
AF-000768,FAM-0462,conyuge,2024-05-21,PERTENECE_A
AF-000769,FAM-0101,titular,2023-07-27,PERTENECE_A
AF-000770,FAM-0101,conyuge,2023-07-27,PERTENECE_A
AF-000771,FAM-0394,titular,2023-03-11,PERTENECE_A
AF-000772,FAM-0394,conyuge,2023-03-11,PERTENECE_A
AF-000773,FAM-0394,hijo,2023-03-11,PERTENECE_A
AF-000774,FAM-0476,titular,2023-04-12,PERTENECE_A
AF-000775,FAM-0476,conyuge,2023-04-12,PERTENECE_A
AF-000776,FAM-0476,hijo,2023-04-12,PERTENECE_A
AF-000777,FAM-0255,titular,2024-06-08,PERTENECE_A
AF-000778,FAM-0255,conyuge,2024-06-08,PERTENECE_A
AF-000779,FAM-0255,hijo,2024-06-08,PERTENECE_A
AF-000780,FAM-0465,titular,2024-12-19,PERTENECE_A
AF-000781,FAM-0465,conyuge,2024-12-19,PERTENECE_A
AF-000782,FAM-0465,hijo,2024-12-19,PERTENECE_A
AF-000783,FAM-0238,titular,2023-08-29,PERTENECE_A
AF-000784,FAM-0238,conyuge,2023-08-29,PERTENECE_A
AF-000785,FAM-0238,hijo,2023-08-29,PERTENECE_A
AF-000786,FAM-0215,titular,2024-08-25,PERTENECE_A
AF-000787,FAM-0215,conyuge,2024-08-25,PERTENECE_A
AF-000788,FAM-0215,hijo,2024-08-25,PERTENECE_A
AF-000789,FAM-0308,titular,2024-01-13,PERTENECE_A
AF-000790,FAM-0308,conyuge,2024-01-13,PERTENECE_A
AF-000791,FAM-0308,hijo,2024-01-13,PERTENECE_A
AF-000792,FAM-0491,titular,2024-03-19,PERTENECE_A
AF-000793,FAM-0491,conyuge,2024-03-19,PERTENECE_A
AF-000794,FAM-0491,hijo,2024-03-19,PERTENECE_A
AF-000795,FAM-0618,titular,2024-06-01,PERTENECE_A
AF-000796,FAM-0618,conyuge,2024-06-01,PERTENECE_A
AF-000797,FAM-0618,hijo,2024-06-01,PERTENECE_A
AF-000798,FAM-0507,titular,2023-03-27,PERTENECE_A
AF-000799,FAM-0507,conyuge,2023-03-27,PERTENECE_A
AF-000800,FAM-0507,hijo,2023-03-27,PERTENECE_A
AF-000801,FAM-0677,titular,2024-02-02,PERTENECE_A
AF-000802,FAM-0677,conyuge,2024-02-02,PERTENECE_A
AF-000803,FAM-0677,hijo,2024-02-02,PERTENECE_A
AF-000804,FAM-0560,titular,2023-06-22,PERTENECE_A
AF-000805,FAM-0560,conyuge,2023-06-22,PERTENECE_A
AF-000806,FAM-0560,hijo,2023-06-22,PERTENECE_A
AF-000807,FAM-0466,titular,2024-12-30,PERTENECE_A
AF-000808,FAM-0466,conyuge,2024-12-30,PERTENECE_A
AF-000809,FAM-0466,hijo,2024-12-30,PERTENECE_A
AF-000810,FAM-0532,titular,2023-08-16,PERTENECE_A
AF-000811,FAM-0532,conyuge,2023-08-16,PERTENECE_A
AF-000812,FAM-0532,hijo,2023-08-16,PERTENECE_A
AF-000813,FAM-0090,titular,2022-12-09,PERTENECE_A
AF-000814,FAM-0090,conyuge,2022-12-09,PERTENECE_A
AF-000815,FAM-0090,hijo,2022-12-09,PERTENECE_A
AF-000816,FAM-0443,titular,2024-10-10,PERTENECE_A
AF-000817,FAM-0443,conyuge,2024-10-10,PERTENECE_A
AF-000818,FAM-0443,hijo,2024-10-10,PERTENECE_A
AF-000819,FAM-0424,titular,2021-03-31,PERTENECE_A
AF-000820,FAM-0424,conyuge,2021-03-31,PERTENECE_A
AF-000821,FAM-0424,hijo,2021-03-31,PERTENECE_A
AF-000822,FAM-0067,titular,2022-09-30,PERTENECE_A
AF-000823,FAM-0067,conyuge,2022-09-30,PERTENECE_A
AF-000824,FAM-0067,hijo,2022-09-30,PERTENECE_A
AF-000825,FAM-0470,titular,2024-08-21,PERTENECE_A
AF-000826,FAM-0470,conyuge,2024-08-21,PERTENECE_A
AF-000827,FAM-0470,hijo,2024-08-21,PERTENECE_A
AF-000828,FAM-0286,titular,2023-06-13,PERTENECE_A
AF-000829,FAM-0286,conyuge,2023-06-13,PERTENECE_A
AF-000830,FAM-0286,hijo,2023-06-13,PERTENECE_A
AF-000831,FAM-0509,titular,2022-03-14,PERTENECE_A
AF-000832,FAM-0509,conyuge,2022-03-14,PERTENECE_A
AF-000833,FAM-0509,hijo,2022-03-14,PERTENECE_A
AF-000834,FAM-0242,titular,2019-07-04,PERTENECE_A
AF-000835,FAM-0242,conyuge,2019-07-04,PERTENECE_A
AF-000836,FAM-0242,hijo,2019-07-04,PERTENECE_A
AF-000837,FAM-0086,titular,2024-12-07,PERTENECE_A
AF-000838,FAM-0086,conyuge,2024-12-07,PERTENECE_A
AF-000839,FAM-0086,hijo,2024-12-07,PERTENECE_A
AF-000840,FAM-0637,titular,2024-07-02,PERTENECE_A
AF-000841,FAM-0637,conyuge,2024-07-02,PERTENECE_A
AF-000842,FAM-0637,hijo,2024-07-02,PERTENECE_A
AF-000843,FAM-0576,titular,2022-04-11,PERTENECE_A
AF-000844,FAM-0576,conyuge,2022-04-11,PERTENECE_A
AF-000845,FAM-0576,hijo,2022-04-11,PERTENECE_A
AF-000846,FAM-0155,titular,2024-04-13,PERTENECE_A
AF-000847,FAM-0155,conyuge,2024-04-13,PERTENECE_A
AF-000848,FAM-0155,hijo,2024-04-13,PERTENECE_A
AF-000849,FAM-0427,titular,2022-08-27,PERTENECE_A
AF-000850,FAM-0427,conyuge,2022-08-27,PERTENECE_A
AF-000851,FAM-0427,hijo,2022-08-27,PERTENECE_A
AF-000852,FAM-0362,titular,2024-09-17,PERTENECE_A
AF-000853,FAM-0362,conyuge,2024-09-17,PERTENECE_A
AF-000854,FAM-0362,hijo,2024-09-17,PERTENECE_A
AF-000855,FAM-0570,titular,2019-11-09,PERTENECE_A
AF-000856,FAM-0570,conyuge,2019-11-09,PERTENECE_A
AF-000857,FAM-0570,hijo,2019-11-09,PERTENECE_A
AF-000858,FAM-0516,titular,2023-03-26,PERTENECE_A
AF-000859,FAM-0516,conyuge,2023-03-26,PERTENECE_A
AF-000860,FAM-0516,hijo,2023-03-26,PERTENECE_A
AF-000861,FAM-0058,titular,2022-05-18,PERTENECE_A
AF-000862,FAM-0058,conyuge,2022-05-18,PERTENECE_A
AF-000863,FAM-0058,hijo,2022-05-18,PERTENECE_A
AF-000864,FAM-0354,titular,2024-11-27,PERTENECE_A
AF-000865,FAM-0354,conyuge,2024-11-27,PERTENECE_A
AF-000866,FAM-0354,hijo,2024-11-27,PERTENECE_A
AF-000867,FAM-0274,titular,2019-03-30,PERTENECE_A
AF-000868,FAM-0274,conyuge,2019-03-30,PERTENECE_A
AF-000869,FAM-0274,hijo,2019-03-30,PERTENECE_A
AF-000870,FAM-0469,titular,2024-10-16,PERTENECE_A
AF-000871,FAM-0469,conyuge,2024-10-16,PERTENECE_A
AF-000872,FAM-0469,hijo,2024-10-16,PERTENECE_A
AF-000873,FAM-0119,titular,2023-12-03,PERTENECE_A
AF-000874,FAM-0119,conyuge,2023-12-03,PERTENECE_A
AF-000875,FAM-0119,hijo,2023-12-03,PERTENECE_A
AF-000876,FAM-0373,titular,2020-10-02,PERTENECE_A
AF-000877,FAM-0373,conyuge,2020-10-02,PERTENECE_A
AF-000878,FAM-0373,hijo,2020-10-02,PERTENECE_A
AF-000879,FAM-0585,titular,2024-09-18,PERTENECE_A
AF-000880,FAM-0585,conyuge,2024-09-18,PERTENECE_A
AF-000881,FAM-0585,hijo,2024-09-18,PERTENECE_A
AF-000882,FAM-0003,titular,2021-10-28,PERTENECE_A
AF-000883,FAM-0003,conyuge,2021-10-28,PERTENECE_A
AF-000884,FAM-0003,hijo,2021-10-28,PERTENECE_A
AF-000885,FAM-0368,titular,2024-11-29,PERTENECE_A
AF-000886,FAM-0368,conyuge,2024-11-29,PERTENECE_A
AF-000887,FAM-0368,hijo,2024-11-29,PERTENECE_A
AF-000888,FAM-0573,titular,2021-11-16,PERTENECE_A
AF-000889,FAM-0573,conyuge,2021-11-16,PERTENECE_A
AF-000890,FAM-0573,hijo,2021-11-16,PERTENECE_A
AF-000891,FAM-0252,titular,2023-03-28,PERTENECE_A
AF-000892,FAM-0252,conyuge,2023-03-28,PERTENECE_A
AF-000893,FAM-0252,hijo,2023-03-28,PERTENECE_A
AF-000894,FAM-0137,titular,2022-11-20,PERTENECE_A
AF-000895,FAM-0137,conyuge,2022-11-20,PERTENECE_A
AF-000896,FAM-0137,hijo,2022-11-20,PERTENECE_A
AF-000897,FAM-0254,titular,2024-01-08,PERTENECE_A
AF-000898,FAM-0254,conyuge,2024-01-08,PERTENECE_A
AF-000899,FAM-0254,hijo,2024-01-08,PERTENECE_A
AF-000900,FAM-0259,titular,2019-01-01,PERTENECE_A
AF-000901,FAM-0259,conyuge,2019-01-01,PERTENECE_A
AF-000902,FAM-0259,hijo,2019-01-01,PERTENECE_A
AF-000903,FAM-0026,titular,2021-08-29,PERTENECE_A
AF-000904,FAM-0026,conyuge,2021-08-29,PERTENECE_A
AF-000905,FAM-0026,hijo,2021-08-29,PERTENECE_A
AF-000906,FAM-0245,titular,2024-12-16,PERTENECE_A
AF-000907,FAM-0245,conyuge,2024-12-16,PERTENECE_A
AF-000908,FAM-0245,hijo,2024-12-16,PERTENECE_A
AF-000909,FAM-0580,titular,2024-01-03,PERTENECE_A
AF-000910,FAM-0580,conyuge,2024-01-03,PERTENECE_A
AF-000911,FAM-0580,hijo,2024-01-03,PERTENECE_A
AF-000912,FAM-0490,titular,2024-03-19,PERTENECE_A
AF-000913,FAM-0490,conyuge,2024-03-19,PERTENECE_A
AF-000914,FAM-0490,hijo,2024-03-19,PERTENECE_A
AF-000915,FAM-0545,titular,2023-06-29,PERTENECE_A
AF-000916,FAM-0545,conyuge,2023-06-29,PERTENECE_A
AF-000917,FAM-0545,hijo,2023-06-29,PERTENECE_A
AF-000918,FAM-0540,titular,2024-07-09,PERTENECE_A
AF-000919,FAM-0540,conyuge,2024-07-09,PERTENECE_A
AF-000920,FAM-0540,hijo,2024-07-09,PERTENECE_A
AF-000921,FAM-0654,titular,2024-11-13,PERTENECE_A
AF-000922,FAM-0654,conyuge,2024-11-13,PERTENECE_A
AF-000923,FAM-0654,hijo,2024-11-13,PERTENECE_A
AF-000924,FAM-0227,titular,2022-08-15,PERTENECE_A
AF-000925,FAM-0227,conyuge,2022-08-15,PERTENECE_A
AF-000926,FAM-0227,hijo,2022-08-15,PERTENECE_A
AF-000927,FAM-0202,titular,2019-10-01,PERTENECE_A
AF-000928,FAM-0202,conyuge,2019-10-01,PERTENECE_A
AF-000929,FAM-0202,hijo,2019-10-01,PERTENECE_A
AF-000930,FAM-0648,titular,2024-02-24,PERTENECE_A
AF-000931,FAM-0648,conyuge,2024-02-24,PERTENECE_A
AF-000932,FAM-0648,hijo,2024-02-24,PERTENECE_A
AF-000933,FAM-0043,titular,2020-01-04,PERTENECE_A
AF-000934,FAM-0043,conyuge,2020-01-04,PERTENECE_A
AF-000935,FAM-0043,hijo,2020-01-04,PERTENECE_A
AF-000936,FAM-0543,titular,2024-09-09,PERTENECE_A
AF-000937,FAM-0543,conyuge,2024-09-09,PERTENECE_A
AF-000938,FAM-0543,hijo,2024-09-09,PERTENECE_A
AF-000939,FAM-0135,titular,2021-12-18,PERTENECE_A
AF-000940,FAM-0135,conyuge,2021-12-18,PERTENECE_A
AF-000941,FAM-0135,hijo,2021-12-18,PERTENECE_A
AF-000942,FAM-0481,titular,2021-05-28,PERTENECE_A
AF-000943,FAM-0481,conyuge,2021-05-28,PERTENECE_A
AF-000944,FAM-0481,hijo,2021-05-28,PERTENECE_A
AF-000945,FAM-0602,titular,2019-10-30,PERTENECE_A
AF-000946,FAM-0602,conyuge,2019-10-30,PERTENECE_A
AF-000947,FAM-0602,hijo,2019-10-30,PERTENECE_A
AF-000948,FAM-0042,titular,2024-12-11,PERTENECE_A
AF-000949,FAM-0042,conyuge,2024-12-11,PERTENECE_A
AF-000950,FAM-0042,hijo,2024-12-11,PERTENECE_A
AF-000951,FAM-0098,titular,2024-11-03,PERTENECE_A
AF-000952,FAM-0098,conyuge,2024-11-03,PERTENECE_A
AF-000953,FAM-0098,hijo,2024-11-03,PERTENECE_A
AF-000954,FAM-0371,titular,2024-10-27,PERTENECE_A
AF-000955,FAM-0371,conyuge,2024-10-27,PERTENECE_A
AF-000956,FAM-0371,hijo,2024-10-27,PERTENECE_A
AF-000957,FAM-0177,titular,2020-10-30,PERTENECE_A
AF-000958,FAM-0177,conyuge,2020-10-30,PERTENECE_A
AF-000959,FAM-0177,hijo,2020-10-30,PERTENECE_A
AF-000960,FAM-0638,titular,2021-12-31,PERTENECE_A
AF-000961,FAM-0638,conyuge,2021-12-31,PERTENECE_A
AF-000962,FAM-0638,hijo,2021-12-31,PERTENECE_A
AF-000963,FAM-0666,titular,2022-09-20,PERTENECE_A
AF-000964,FAM-0666,conyuge,2022-09-20,PERTENECE_A
AF-000965,FAM-0666,hijo,2022-09-20,PERTENECE_A
AF-000966,FAM-0201,titular,2024-09-08,PERTENECE_A
AF-000967,FAM-0201,conyuge,2024-09-08,PERTENECE_A
AF-000968,FAM-0201,hijo,2024-09-08,PERTENECE_A
AF-000969,FAM-0674,titular,2024-10-24,PERTENECE_A
AF-000970,FAM-0674,conyuge,2024-10-24,PERTENECE_A
AF-000971,FAM-0674,hijo,2024-10-24,PERTENECE_A
AF-000972,FAM-0236,titular,2019-12-04,PERTENECE_A
AF-000973,FAM-0236,conyuge,2019-12-04,PERTENECE_A
AF-000974,FAM-0236,hijo,2019-12-04,PERTENECE_A
AF-000975,FAM-0138,titular,2024-08-17,PERTENECE_A
AF-000976,FAM-0138,conyuge,2024-08-17,PERTENECE_A
AF-000977,FAM-0138,hijo,2024-08-17,PERTENECE_A
AF-000978,FAM-0571,titular,2023-11-08,PERTENECE_A
AF-000979,FAM-0571,conyuge,2023-11-08,PERTENECE_A
AF-000980,FAM-0571,hijo,2023-11-08,PERTENECE_A
AF-000981,FAM-0693,titular,2024-08-08,PERTENECE_A
AF-000982,FAM-0693,conyuge,2024-08-08,PERTENECE_A
AF-000983,FAM-0693,hijo,2024-08-08,PERTENECE_A
AF-000984,FAM-0653,titular,2023-05-31,PERTENECE_A
AF-000985,FAM-0653,conyuge,2023-05-31,PERTENECE_A
AF-000986,FAM-0653,hijo,2023-05-31,PERTENECE_A
AF-000987,FAM-0463,titular,2022-02-25,PERTENECE_A
AF-000988,FAM-0463,conyuge,2022-02-25,PERTENECE_A
AF-000989,FAM-0463,hijo,2022-02-25,PERTENECE_A
AF-000990,FAM-0406,titular,2023-06-20,PERTENECE_A
AF-000991,FAM-0406,conyuge,2023-06-20,PERTENECE_A
AF-000992,FAM-0406,hijo,2023-06-20,PERTENECE_A
AF-000993,FAM-0091,titular,2023-09-07,PERTENECE_A
AF-000994,FAM-0091,conyuge,2023-09-07,PERTENECE_A
AF-000995,FAM-0091,hijo,2023-09-07,PERTENECE_A
AF-000996,FAM-0115,titular,2022-08-06,PERTENECE_A
AF-000997,FAM-0115,conyuge,2022-08-06,PERTENECE_A
AF-000998,FAM-0115,hijo,2022-08-06,PERTENECE_A
AF-000999,FAM-0211,titular,2022-10-16,PERTENECE_A
AF-001000,FAM-0211,conyuge,2022-10-16,PERTENECE_A
